Protein.ID	description	VOG	annotation	Accession	Division	Taxid	Species	Organelle	X..Codons	TTT	TTC	TTA	TTG	CTT	CTC	CTA	CTG	ATT	ATC	ATA	ATG	GTT	GTC	GTA	GTG	TAT	TAC	TAA	TAG	CAT	CAC	CAA	CAG	AAT	AAC	AAA	AAG	GAT	GAC	GAA	GAG	TCT	TCC	TCA	TCG	CCT	CCC	CCA	CCG	ACT	ACC	ACA	ACG	GCT	GCC	GCA	GCG	TGT	TGC	TGA	TGG	CGT	CGC	CGA	CGG	AGT	AGC	AGA	AGG	GGT	GGC	GGA	GGG
YP_009047202	1ab polyprotein	NA	NA	NC_019843	refseq	1335626	Middle East respiratory syndrome-related coronavirus	genomic	7079	235	130	139	161	178	77	43	47	189	67	79	165	275	127	123	125	226	122	0	0	102	48	128	98	256	99	192	207	254	146	154	133	176	52	104	14	138	41	84	11	232	85	144	25	273	78	134	39	138	95	1	81	77	43	18	15	119	38	54	41	221	96	58	29
YP_009047203	1A polyprotein	NA	NA	NC_019843	refseq	1335626	Middle East respiratory syndrome-related coronavirus	genomic	4392	136	83	88	117	118	44	27	32	112	41	44	95	185	87	74	84	132	64	1	0	55	28	88	57	142	67	118	121	145	94	95	82	114	32	68	10	81	29	51	9	144	60	99	11	174	50	89	30	73	61	0	50	40	29	11	12	78	22	32	22	138	59	37	21
YP_009047204	spike glycoprotein	VOG06137	XhXpXs	NC_019843	refseq	1335626	Middle East respiratory syndrome-related coronavirus	genomic	1354	50	21	19	23	44	12	13	9	43	7	23	21	63	10	10	13	46	30	1	0	11	9	36	36	55	22	31	20	49	17	22	24	52	26	21	3	37	8	14	3	49	14	28	1	50	16	18	4	27	15	0	10	20	9	4	2	22	10	5	4	41	35	12	4
YP_009047205	NS3 protein	NA	NA	NC_019843	refseq	1335626	Middle East respiratory syndrome-related coronavirus	genomic	104	3	0	1	2	5	3	0	0	2	0	0	2	5	3	1	2	3	1	1	0	3	0	3	1	4	0	2	0	3	2	2	2	4	1	7	0	3	1	2	0	8	1	2	0	3	1	2	0	2	1	0	0	0	0	1	0	1	0	2	1	5	0	0	0
YP_009047206	NS4A protein	NA	NA	NC_019843	refseq	1335626	Middle East respiratory syndrome-related coronavirus	genomic	110	1	2	2	4	2	2	2	2	1	3	0	1	2	0	0	2	3	4	1	0	1	2	2	4	2	3	3	3	3	1	2	3	3	3	3	0	4	1	1	1	4	0	3	0	6	1	1	1	3	0	0	3	0	0	1	1	1	1	0	0	1	1	3	0
YP_009047207	NS4B protein	NA	NA	NC_019843	refseq	1335626	Middle East respiratory syndrome-related coronavirus	genomic	247	10	1	4	5	7	4	4	5	7	4	2	6	14	4	1	1	6	6	1	0	13	3	6	2	7	3	6	5	8	2	3	5	7	5	5	2	7	4	4	0	9	1	3	1	3	2	3	2	1	1	0	3	2	6	0	1	2	1	6	3	2	4	2	0
YP_009047208	NS5 protein	NA	NA	NC_019843	refseq	1335626	Middle East respiratory syndrome-related coronavirus	genomic	225	9	8	9	1	4	4	5	5	12	4	6	5	12	5	6	2	7	2	1	0	3	4	1	2	4	3	2	1	4	3	0	2	9	5	1	2	5	2	4	1	8	1	2	1	5	3	2	1	5	3	0	1	8	3	0	0	3	6	3	0	2	2	1	0
YP_009047209	envelope protein	VOG04284	Xh	NC_019843	refseq	1335626	Middle East respiratory syndrome-related coronavirus	genomic	83	3	5	4	3	1	1	1	1	1	0	3	3	2	2	4	2	2	1	1	0	0	0	2	2	2	1	2	0	1	1	1	1	0	0	1	0	2	3	1	0	2	2	2	1	3	0	1	0	4	0	0	1	1	0	1	0	1	0	1	0	0	1	1	1
YP_009047210	membrane protein	VOG06141	Xs	NC_019843	refseq	1335626	Middle East respiratory syndrome-related coronavirus	genomic	220	8	2	3	2	4	5	4	3	12	4	2	11	6	4	6	4	4	6	0	1	2	1	2	4	8	2	5	2	2	4	2	3	4	6	4	0	3	1	5	1	8	3	1	2	8	4	4	3	1	1	0	7	2	0	1	2	4	2	3	1	4	4	3	0
YP_009047211	nucleoprotein	VOG06142	XrXs	NC_019843	refseq	1335626	Middle East respiratory syndrome-related coronavirus	genomic	414	7	7	1	2	16	3	3	2	8	4	1	7	6	3	4	3	1	9	0	1	3	3	16	8	17	15	15	14	15	5	6	7	12	4	8	2	14	5	15	0	15	9	5	1	16	8	7	2	0	0	0	6	5	6	2	4	6	3	8	1	11	7	13	7
YP_009047212	ORF8b protein	NA	NA	NC_019843	refseq	1335626	Middle East respiratory syndrome-related coronavirus	genomic	113	1	1	4	3	3	2	6	7	3	0	2	8	0	1	1	0	0	0	1	0	2	2	2	2	2	1	3	2	0	2	3	2	1	4	0	2	1	1	3	3	3	1	4	0	1	0	2	1	0	0	0	1	0	3	0	0	0	2	0	3	3	1	5	2
YP_009724389	orf1ab polyprotein	NA	NA	NC_045512.2	refseq	2697049	Severe acute respiratory syndrome coronavirus 2	genomic	7097	254	95	201	116	185	61	77	28	169	57	117	168	292	81	137	88	208	127	1	0	102	43	163	76	268	116	281	153	251	138	248	92	154	27	128	5	136	17	111	10	232	47	224	24	269	71	131	16	184	42	0	78	59	25	10	7	119	23	112	31	263	63	76	10
YP_009725295	orf1a polyprotein	NA	NA	NC_045512.2	refseq	2697049	Severe acute respiratory syndrome coronavirus 2	genomic	4406	156	52	117	87	129	39	45	18	109	38	68	105	193	43	78	57	112	83	1	0	53	22	97	54	161	72	174	102	133	78	176	63	98	21	82	5	86	11	63	4	158	33	142	12	166	47	83	13	113	25	0	46	34	12	7	3	76	12	55	20	172	42	44	6
YP_009724390	surface glycoprotein	NA	NA	NC_045512.2	refseq	2697049	Severe acute respiratory syndrome coronavirus 2	genomic	1274	59	18	28	20	36	12	9	3	44	14	18	14	48	21	15	13	40	14	1	0	13	4	46	16	54	34	38	23	43	19	34	14	37	12	26	2	29	4	25	0	44	10	40	3	42	8	27	2	28	12	0	12	9	1	0	2	17	5	20	10	47	15	17	3
YP_009724391	ORF3a protein	NA	NA	NC_045512.2	refseq	2697049	Severe acute respiratory syndrome coronavirus 2	genomic	276	8	6	3	9	10	5	1	2	9	5	7	4	14	3	7	1	8	9	1	0	4	4	5	4	4	4	7	4	7	6	10	1	3	4	8	0	7	0	3	2	13	2	6	3	7	3	3	0	3	4	0	6	1	1	0	0	5	2	3	1	7	3	4	0
YP_009724392	envelope protein	NA	NA	NC_045512.2	refseq	2697049	Severe acute respiratory syndrome coronavirus 2	genomic	76	2	3	1	2	7	0	2	2	1	1	1	1	7	1	3	2	0	4	1	0	0	0	0	0	4	1	2	0	1	0	1	1	4	0	1	1	2	0	0	0	1	0	2	1	1	1	0	2	1	2	0	0	1	0	1	0	1	1	1	0	1	0	0	0
YP_009724393	membrane glycoprotein	NA	NA	NC_045512.2	refseq	2697049	Severe acute respiratory syndrome coronavirus 2	genomic	223	5	6	4	4	12	6	5	4	11	6	3	4	3	0	6	3	4	5	1	0	4	1	2	2	4	7	4	3	1	5	6	1	2	3	3	1	1	0	3	1	5	3	3	2	12	2	4	1	4	0	0	7	5	2	1	0	4	2	3	3	5	3	6	0
YP_009724394	ORF6 protein	NA	NA	NC_045512.2	refseq	2697049	Severe acute respiratory syndrome coronavirus 2	genomic	62	3	0	3	0	1	2	2	0	5	1	4	3	3	0	0	0	1	1	1	0	1	0	2	1	3	1	3	1	3	1	1	4	2	1	1	0	0	0	1	0	3	0	0	0	0	0	1	0	0	0	0	1	0	0	0	0	0	0	0	1	0	0	0	0
YP_009724395	ORF7a protein	NA	NA	NC_045512.2	refseq	2697049	Severe acute respiratory syndrome coronavirus 2	genomic	122	7	3	2	1	6	2	1	3	4	1	3	1	4	1	2	1	2	3	0	0	1	2	4	1	1	1	6	1	1	1	4	4	3	0	3	0	4	0	2	0	3	0	7	0	4	1	3	1	3	3	1	0	1	0	0	0	0	1	4	0	1	2	1	0
YP_009725296	ORF7b	NA	NA	NC_045512.2	refseq	2697049	Severe acute respiratory syndrome coronavirus 2	genomic	44	3	3	3	1	4	0	1	2	4	1	0	2	1	0	0	0	1	0	1	0	1	1	1	0	1	0	0	0	1	1	3	0	0	0	2	0	0	0	0	0	1	0	0	0	0	2	0	0	1	1	0	1	0	0	0	0	0	0	0	0	0	0	0	0
YP_009724396	ORF8 protein	NA	NA	NC_045512.2	refseq	2697049	Severe acute respiratory syndrome coronavirus 2	genomic	122	4	4	6	2	2	0	0	0	5	5	0	1	6	0	4	2	6	1	1	0	2	2	3	3	2	0	5	0	4	3	4	2	2	1	3	1	4	1	1	1	2	0	3	0	3	0	2	0	5	2	0	1	2	0	0	0	2	0	2	0	3	0	2	0
YP_009724397	nucleocapsid phosphoprotein	NA	NA	NC_045512.2	refseq	2697049	Severe acute respiratory syndrome coronavirus 2	genomic	420	3	10	2	9	8	2	3	3	9	4	1	7	2	3	1	2	2	9	1	0	3	1	27	8	16	6	21	10	14	10	8	4	8	3	9	2	8	7	11	2	16	6	8	2	19	7	8	3	0	0	0	5	6	5	5	2	9	6	10	1	10	16	13	4
YP_009725255	ORF10 protein	NA	NA	NC_045512.2	refseq	2697049	Severe acute respiratory syndrome coronavirus 2	genomic	39	3	1	0	1	0	2	1	0	0	0	3	2	2	0	2	0	2	1	0	1	0	0	1	0	2	3	0	0	1	0	0	0	1	0	0	0	0	0	0	1	0	0	1	1	1	0	1	0	0	1	0	0	1	0	0	0	1	0	1	0	0	1	0	0
NP_828849	orf1ab polyprotein (pp1ab)	NA	NA	NC_004718.3	refseq	694009	Severe acute respiratory syndrome-related coronavirus	genomic	7074	203	128	125	124	200	90	67	68	186	83	74	177	238	98	131	113	184	140	1	0	106	54	129	105	231	135	213	202	255	141	186	161	147	30	134	13	118	25	123	8	207	66	202	20	267	71	148	25	153	80	0	77	80	33	11	3	98	36	96	36	221	95	89	14
NP_828850	orf1a polyprotein (pp1a)	NA	NA	NC_004718.3	refseq	694009	Severe acute respiratory syndrome-related coronavirus	genomic	4383	118	77	74	84	135	63	40	48	123	53	36	111	162	55	71	69	103	81	1	0	55	31	78	69	130	84	128	130	137	84	124	116	102	23	76	10	77	15	69	5	127	55	127	11	171	45	95	14	94	50	0	45	53	15	8	1	63	24	50	19	154	54	49	12
NP_828851	E2 glycoprotein precursor	VOG06137	XhXpXs	NC_004718.3	refseq	694009	Severe acute respiratory syndrome-related coronavirus	genomic	1256	59	24	19	13	34	19	10	4	55	9	14	20	47	19	12	13	36	18	1	0	13	2	44	11	53	28	34	26	50	23	21	21	40	7	28	3	33	3	19	2	46	12	37	4	50	12	18	5	21	18	0	11	7	3	4	1	11	6	12	12	30	25	20	4
NP_828852	hypothetical protein sars3a	NA	NA	NC_004718.3	refseq	694009	Severe acute respiratory syndrome-related coronavirus	genomic	275	10	6	2	5	10	4	4	2	13	4	5	5	12	4	2	2	11	6	1	0	4	3	6	5	6	6	8	4	6	8	4	4	4	1	6	0	3	0	7	3	8	3	9	3	7	4	7	2	4	4	0	5	0	0	0	0	2	2	5	1	6	5	2	0
NP_828853	hypothetical protein sars3b	NA	NA	NC_004718.3	refseq	694009	Severe acute respiratory syndrome-related coronavirus	genomic	155	5	0	6	8	2	0	6	3	2	2	4	9	1	0	3	5	0	3	1	0	3	5	6	6	0	2	6	9	0	0	0	1	2	0	4	4	0	0	1	1	10	3	5	3	3	0	1	1	2	2	0	1	1	0	4	1	2	3	0	1	0	2	0	0
NP_828854	protein E	NA	NA	NC_004718.3	refseq	694009	Severe acute respiratory syndrome-related coronavirus	genomic	77	1	3	2	2	6	0	2	2	1	1	1	1	6	3	3	2	0	4	1	0	0	0	0	0	3	2	2	0	1	0	3	0	2	0	1	2	1	0	1	0	1	0	2	2	1	1	0	2	1	2	0	0	1	0	1	0	1	1	0	0	1	0	1	0
NP_828855	matrix protein	VOG06141	Xs	NC_004718.3	refseq	694009	Severe acute respiratory syndrome-related coronavirus	genomic	222	5	6	3	5	8	6	6	3	13	2	3	7	3	2	5	6	3	6	1	0	0	3	3	2	5	8	4	2	1	5	4	3	2	2	4	1	1	0	3	1	4	3	5	1	10	4	3	2	3	0	0	7	4	3	2	2	1	2	2	2	6	3	3	3
NP_828856	hypothetical protein sars6	NA	NA	NC_004718.3	refseq	694009	Severe acute respiratory syndrome-related coronavirus	genomic	64	2	2	3	1	2	0	1	0	4	1	5	3	3	0	0	1	2	0	1	0	1	0	1	1	2	0	0	3	3	2	2	3	0	0	1	1	2	0	1	0	2	0	1	0	1	0	1	0	0	0	0	1	0	0	0	0	1	0	1	2	0	0	0	0
NP_828857	hypothetical protein sars7a	NA	NA	NC_004718.3	refseq	694009	Severe acute respiratory syndrome-related coronavirus	genomic	123	7	3	1	1	4	3	5	2	5	1	1	1	4	0	3	0	3	2	0	0	1	3	3	2	2	0	4	2	0	2	2	6	1	0	4	1	2	0	4	0	4	2	5	1	6	0	2	0	2	4	1	0	1	0	1	0	0	1	4	0	2	1	1	0
NP_849175	hypothetical protein sars7b	NA	NA	NC_004718.3	refseq	694009	Severe acute respiratory syndrome-related coronavirus	genomic	45	4	2	3	1	2	2	2	1	2	1	2	2	1	1	0	0	1	0	1	0	0	0	0	1	1	0	1	0	1	1	3	1	0	0	1	0	1	0	0	0	1	1	0	0	0	1	0	0	1	1	0	1	0	0	0	0	0	0	0	0	0	0	0	0
NP_849176	hypothetical protein sars8a	NA	NA	NC_004718.3	refseq	694009	Severe acute respiratory syndrome-related coronavirus	genomic	40	0	0	0	1	2	1	1	0	2	0	1	1	1	0	3	1	0	0	0	1	1	1	1	1	1	0	2	1	1	0	1	0	2	0	0	0	2	0	0	0	2	0	0	0	0	0	1	0	3	3	0	0	0	1	0	0	1	0	0	0	0	0	0	0
NP_849177	hypothetical protein sars8b	NA	NA	NC_004718.3	refseq	694009	Severe acute respiratory syndrome-related coronavirus	genomic	85	2	0	2	1	5	0	1	0	0	2	1	2	5	0	2	0	1	2	1	0	2	2	3	0	4	2	1	2	1	1	1	0	0	0	0	0	2	0	1	0	6	0	3	0	5	0	1	1	3	2	0	3	0	0	1	0	0	1	2	3	4	0	1	0
NP_828858	nucleocapsid protein	VOG06142	XrXs	NC_004718.3	refseq	694009	Severe acute respiratory syndrome-related coronavirus	genomic	423	4	9	1	6	7	3	5	4	7	3	1	7	4	4	1	2	2	9	1	0	3	2	24	10	16	9	20	9	10	12	7	7	10	3	9	1	10	9	10	2	17	5	11	0	14	8	9	3	0	0	0	5	5	8	6	0	7	5	10	2	10	16	16	3
NP_828859	hypothetical protein sars9b	NA	NA	NC_004718.3	refseq	694009	Severe acute respiratory syndrome-related coronavirus	genomic	99	0	2	2	2	1	3	1	2	1	0	4	5	1	1	1	6	0	1	0	0	1	0	5	3	1	3	2	1	1	5	1	4	0	1	3	0	0	5	3	0	1	4	2	1	1	2	4	1	0	0	1	0	1	0	0	0	0	2	1	3	1	1	0	1
NP_040979	matrix protein 2	NA	NA	NC_002016	refseq	211044	Influenza A virus (A/Puerto Rico/8/1934(H1N1))	genomic	98	3	1	0	3	3	1	1	2	4	3	2	2	0	2	0	2	1	2	1	0	1	1	0	2	1	2	3	2	4	1	6	3	2	0	1	0	3	0	1	0	0	1	0	2	3	1	1	0	0	3	0	2	2	1	1	0	3	1	2	1	2	0	3	3
NP_040978	matrix protein 1	NA	NA	NC_002016	refseq	211044	Influenza A virus (A/Puerto Rico/8/1934(H1N1))	genomic	253	4	3	2	1	7	7	3	6	3	6	2	14	5	3	1	7	3	2	0	0	5	0	7	8	5	6	6	7	4	2	7	10	3	2	3	1	2	2	3	1	4	7	5	2	9	7	8	1	3	0	1	1	1	1	2	2	7	2	6	5	2	3	3	8
NP_040980	haemagglutinin	NA	NA	NC_002017	refseq	211044	Influenza A virus (A/Puerto Rico/8/1934(H1N1))	genomic	567	9	10	6	11	4	4	9	17	11	11	14	10	6	7	8	12	16	9	0	0	7	6	10	7	26	23	25	13	11	10	24	14	8	6	17	0	1	6	10	3	6	5	14	3	6	8	15	4	10	6	1	10	0	0	0	0	8	7	11	10	5	5	22	10
NP_040981	neuraminidase	NA	NA	NC_002018	refseq	211044	Influenza A virus (A/Puerto Rico/8/1934(H1N1))	genomic	455	9	7	5	5	1	0	5	5	12	9	20	7	10	3	6	9	8	6	0	1	7	3	10	1	17	8	14	9	15	10	9	8	8	4	14	3	7	3	6	5	12	10	7	0	5	4	6	1	13	6	0	16	2	0	1	1	11	11	6	10	11	8	15	10
NP_040982	nucleoprotein	NA	NA	NC_002019	refseq	211044	Influenza A virus (A/Puerto Rico/8/1934(H1N1))	genomic	499	7	11	1	5	6	9	4	7	5	13	8	25	5	6	4	9	6	9	1	0	3	3	15	6	19	6	13	8	11	12	23	13	11	7	3	2	9	2	5	1	11	6	9	3	10	7	18	4	1	5	0	6	1	3	3	6	8	8	22	14	6	2	22	11
NP_040983	nonstructural protein 2	NA	NA	NC_002020	refseq	211044	Influenza A virus (A/Puerto Rico/8/1934(H1N1))	genomic	122	5	2	2	4	3	3	1	4	2	0	5	7	0	0	2	3	0	1	1	0	1	2	5	5	2	3	4	2	2	3	7	8	1	1	5	2	0	0	1	0	2	0	3	0	0	1	1	0	0	0	0	2	0	0	0	1	1	1	6	1	1	0	3	0
NP_040984	nonstructural protein 1	NA	NA	NC_002020	refseq	211044	Influenza A virus (A/Puerto Rico/8/1934(H1N1))	genomic	231	3	4	0	2	9	3	6	4	5	5	4	9	5	4	2	4	0	1	0	0	2	0	1	7	4	4	10	2	9	5	11	8	3	3	4	1	4	1	6	0	7	3	4	0	4	3	5	4	1	1	1	4	2	2	4	3	2	3	5	4	2	3	8	1
NP_040985	polymerase PB1	NA	NA	NC_002021	refseq	211044	Influenza A virus (A/Puerto Rico/8/1934(H1N1))	genomic	758	15	17	9	13	12	6	6	11	17	12	16	40	10	9	7	7	11	14	0	1	9	2	19	12	29	20	29	20	19	12	30	19	7	10	11	1	9	5	14	4	14	18	26	3	10	9	21	2	5	5	0	9	3	0	8	5	11	11	27	11	9	6	17	14
YP_418248	PB1-F2 protein	NA	NA	NC_002021	refseq	211044	Influenza A virus (A/Puerto Rico/8/1934(H1N1))	genomic	88	1	1	0	5	1	0	0	3	1	2	1	4	1	0	2	2	1	0	0	1	0	4	5	5	1	2	6	2	2	0	1	2	0	1	2	0	0	2	1	1	2	1	4	0	0	0	0	0	0	1	0	4	1	1	2	0	1	1	0	3	0	1	3	0
NP_040986	polymerase PA	NA	NA	NC_002022	refseq	211044	Influenza A virus (A/Puerto Rico/8/1934(H1N1))	genomic	717	16	20	7	11	22	6	8	11	23	12	13	25	7	3	11	9	13	7	0	1	2	11	11	8	22	12	31	22	23	13	42	35	10	9	11	3	4	6	15	6	9	7	21	0	8	11	17	1	6	9	0	12	2	2	3	1	10	9	18	14	4	5	18	9
YP_006495785	PA-X protein	NA	NA	NC_002022	refseq	211044	Influenza A virus (A/Puerto Rico/8/1934(H1N1))	genomic	253	5	8	1	8	3	3	2	2	6	7	5	9	1	3	5	1	4	3	1	0	0	6	5	1	5	4	14	9	9	2	16	11	2	2	3	2	2	0	4	3	5	3	9	1	3	6	5	1	2	5	0	3	0	2	3	0	2	4	8	5	2	2	2	3
NP_040987	polymerase PB2	NA	NA	NC_002023	refseq	211044	Influenza A virus (A/Puerto Rico/8/1934(H1N1))	genomic	760	13	12	6	12	12	8	9	12	20	11	21	37	12	9	12	28	7	9	0	1	9	1	18	18	24	10	25	20	15	16	29	23	7	5	14	5	12	3	14	0	11	10	24	6	11	12	17	4	1	4	0	10	1	3	4	5	8	13	33	15	8	7	26	8
